Cecilia Chapman,(257) 563-7401
Iris Watson,(372) 587-2335
Celeste Slater,(786) 713-8616
Theodore Lowe,(793) 151-6230
Calista Wise,(492) 709-6392
Kyla Olsen,(654) 393-5734
Forrest Ray,(404) 960-3807
Hiroko Potter,(314) 244-6306
Nyssa Vazquez,(947) 278-5929
Lawrence Moreno,(684) 579-1879
Ina Moran,(389) 737-2852
Aaron Hawkins,(660) 663-4518
Hedy Greene,(608) 265-2215
Melvin Porter,(959) 119-8364
Keefe Sellers,(468) 353-2641
Joan Romero,(248) 675-4007
Davis Patrick,(939) 353-1107
Leilani Boyer,(570) 873-7090
Colby Bernard,(302) 259-2375
Bryar Pitts,(717) 450-4729
Rahim Henderson,(453) 391-4650
Noelle Adams,(559) 104-5475
Lillith Daniel,(387) 142-9434
Adria Russell,(516) 745-4496
Hilda Haynes,(326) 677-3419
Sheila Mcintosh,(746) 679-2470
Rebecca Chambers,(455) 430-0989
Christian Emerson,(490) 936-4694
Nevada Ware,(985) 834-8285
Margaret Joseph,(662) 661-1446
Edward Nieves,(802) 668-8240
Imani Talley,(477) 768-9247
Bertha Riggs,(791) 239-9057
Wallace Ross,(832) 109-0213
Chester Bennett,(837) 196-3274
Castor Richardson,(268) 442-2428
Sonya Jordan,(850) 676-5117
Harrison Mcguire,(861) 546-5032
Malcolm Long,(176) 805-4108
Raymond Levy,(715) 912-6931
Hedley Ingram,(993) 554-0563
David Mathews,(357) 616-5411
Xyla Cash,(121) 347-0086
Madeline Gregory,(304) 506-6314
Griffith Daniels,(425) 288-2332
Anne Beasley,(145) 987-4962
Chaney Bennett,(187) 582-9707
Daniel Bernard,(750) 558-3965
Willow Hunt,(492) 467-3131
Judith Floyd,(774) 914-2510
Seth Farley,(888) 106-8550
Zephania Sanders,(539) 567-3573
Calista Merritt,(693) 337-2849
Craig Williams,(545) 604-9386
Lee Preston,(221) 156-5026
Katelyn Cooper,(414) 876-0865
Lacy Eaton,(932) 726-8645
Driscoll Leach,(726) 710-9826
Merritt Watson,(622) 594-1662
Nehru Holmes,(948) 600-8503
Quamar Rivera,(605) 900-7508
Hiram Mullins,(716) 977-5775
Kim Fletcher,(368) 239-8275
Rigel Koch,(725) 342-0650
Jeanette Sharpe,(711) 993-5187
Dahlia Lee,(882) 399-5084
Howard Hayden,(287) 755-9948
Hyatt Kramer,(659) 551-3389
Sonya Ray,(275) 730-6868
Cara Whitehead,(725) 757-4047
Blythe Carroll,(314) 882-1496
Dale Griffin,(639) 360-7590
Haviva Holcomb,(168) 222-1592
Ezra Duffy,(896) 303-1164
Eleanor Jennings,(203) 982-6130
Remedios Hester,(906) 217-1470
Jasper Carney,(614) 514-1269
Vielka Nielsen,(763) 409-5446
Wilma Pace,(836) 292-5324
Palmer Gay,(926) 709-3295
Lyle Sutton,(963) 356-9268
Ina Burt,(736) 522-8584
Cleo Best,(410) 483-0352
Hu Park,(252) 204-1434
Liberty Walton,(874) 886-4174
Aaron Trujillo,(581) 379-7573
Elmo Lopez,(983) 632-8597
Emerson Espinoza,(295) 983-3476
Daniel Malone,(873) 392-8802
Dante Bennett,(360) 669-3923
Sade Higgins,(840) 987-9449
Zorita Anderson,(422) 517-6053
Jordan Calderon,(126) 940-2753
Ivor Delgado,(427) 930-5255
Pascale Patton,(689) 721-5145
Nasim Strong,(676) 334-2174
Keaton Underwood,(437) 994-5270
Keegan Blair,(564) 908-6970
Tamara Howe,(577) 333-6244
